1,cosplay,0,64,,-1,-1,-1,-1,1617379526243
2,misc:3d chinese,0,-1,misc:3d chinese,-1,-1,-1,-1,1617379526236
4,15995115,1,-1,15995115,-1,-1,-1,-1,1617379526249
5,ch753214896,1,-1,ch753214896,-1,-1,-1,-1,1617379526257
6,jerrymercer416,1,-1,jerrymercer416,-1,-1,-1,-1,1617379526258
7,えりぴよ,1,-1,えりぴよ,-1,-1,-1,-1,1617379526260
8,Me.Joker,1,-1,Me.Joker,-1,-1,-1,-1,1617379526261
9,onesummer,1,-1,onesummer,-1,-1,-1,-1,1617379526262
10,conanak99,1,-1,conanak99,-1,-1,-1,-1,1617379526262
11,songerwr,1,-1,songerwr,-1,-1,-1,-1,1617379526263
12,羅彩毓,1,-1,羅彩毓,-1,-1,-1,-1,1617379526264
13,Sturer Emil,1,-1,Sturer Emil,-1,-1,-1,-1,1619284040357
14,spork4313988,1,-1,spork4313988,-1,-1,-1,-1,1625090517521
15,carradio2014,1,-1,carradio2014,-1,-1,-1,-1,1625094133991
16,hoshisama,1,-1,hoshisama,-1,-1,-1,-1,1625123216951
17,fleialei,1,-1,fleialei,-1,-1,-1,-1,1625691180118
18,COS:A点秋梨膏,1,-1,A点秋梨膏,-1,-1,-1,-1,1625694181500
19,COS:qN6QSHvSPd,1,-1,qN6QSHvSPd,-1,-1,-1,-1,1625694287685
20,COS:Rape is good,1,-1,Rape is good,-1,-1,-1,-1,1625694430406
21,COS:Sachia Lanlus,1,-1,Sachia Lanlus,-1,-1,-1,-1,1625694480411
22,COS:majinger,1,-1,majinger,-1,-1,-1,-1,1625694502955
23,COS:k476,1,-1,k476,-1,-1,-1,-1,1625694527874
24,:radamantys4371,1,-1,radamantys4371,-1,-1,-1,-1,1625696263981
25,:tle0318,1,-1,tle0318,-1,-1,-1,-1,1625697828383
26,:Akinox,1,-1,Akinox,-1,-1,-1,-1,1625698103490
27,:dhongi420,1,-1,dhongi420,-1,-1,-1,-1,1625700632050
28,:b217285,1,-1,b217285,-1,-1,-1,-1,1625700660563
29,:sadikus,1,-1,sadikus,-1,-1,-1,-1,1625700854218
30,:nasu,1,-1,nasu,-1,-1,-1,-1,1625700970794
31,:curzz,1,-1,curzz,-1,-1,-1,-1,1625701095744
32,uploader:kanoon48,1,64,kanoon48,-1,-1,-1,-1,1625701407211
33,uploader:DezaiaDoraibu,1,-1,DezaiaDoraibu,-1,-1,-1,-1,1625702038728
34,uploader:dawd2123da,1,-1,dawd2123da,-1,-1,-1,-1,1625753107494
35,uploader:wvwvwvw4,1,-1,wvwvwvw4,-1,-1,-1,-1,1625854485255
36,uploader:Mitaku.net,1,-1,Mitaku.net,-1,-1,-1,-1,1625901913421
37,uploader:Jackelverde,1,-1,Jackelverde,-1,-1,-1,-1,1625903601158
38,uploader:Marcensie,1,-1,Marcensie,-1,-1,-1,-1,1625903804130
39,uploader:l2ose,1,-1,l2ose,-1,-1,-1,-1,1626108916749
40,uploader:eldigitos,1,-1,eldigitos,-1,-1,-1,-1,1626109341124
41,uploader:Jun Jones 58,1,-1,Jun Jones 58,-1,-1,-1,-1,1626359550375
42,uploader:Lumilicious,1,-1,Lumilicious,-1,-1,-1,-1,1626600565789
43,uploader:Pokom,0,64,uploader:Pokom,-1,-1,-1,-1,1628221824929
44,uploader:ghjkl11,1,-1,ghjkl11,-1,-1,-1,-1,1628482606805
45,uploader:friendship0013,1,-1,friendship0013,-1,-1,-1,-1,1628568356361
46,uploader:Scumbini,0,64,uploader:Scumbini,3,-1,-1,-1,1628630190070
47,uploader:Shank,0,64,uploader:Shank,-1,-1,-1,-1,1629230806434
